metric,mean,std
train_r2,0.4252339854310009,0.001993529541521991
test_r2,0.4252045909289127,0.007951795631874644
train_rmse,16.565085967107205,0.019767092246239147
test_rmse,16.57155412716865,0.07940297444748237
train_mae,13.189300294877208,0.016648554321461468
test_mae,13.185454109932266,0.060836185149472116
alpha,0.014968206956256058,0.006361028263899992
l1_ratio,0.99,0.022360679774997918
n_selected_features,22.4,1.6733200530681511
